chr	pos1	pos2	chr2	pos3	pos4	length	width	Mean	maxpixel	pvalue	Stripiness
10	2900001	3100000	10	100001	3100000	3000000	200000	74.59065345996217	95.0%	0.8745	-5.331646492357129
10	5000001	5300000	10	1450001	5300000	3850000	300000	57.56737648266466	95.0%	0.6766766766766766	-2.294287697869582
10	5750001	5900000	10	5750001	13800000	8050000	150000	25.98508581765198	95.0%	0.696	-1.7983530946647348
10	8150001	8500000	10	8150001	11000000	2850000	350000	78.67340995582035	95.0%	0.713	-2.969331535815407
10	11850001	12200000	10	3900001	12200000	8300000	350000	29.244790114860695	95.0%	0.7464999999999999	-2.654255170947934
10	900001	1100000	10	900001	14900000	14000000	200000	17.442271056535333	95.0%	0.7517517517517518	-4.882659875934568
10	1150001	1400000	10	1150001	14900000	13750000	250000	20.675237402838555	95.0%	0.7937937937937938	-6.481936847126531
10	1450001	1650000	10	1450001	13100000	11650000	200000	23.008202673724707	95.0%	0.743	-4.045015193976882
10	11400001	11550000	10	7000001	11550000	4550000	150000	46.89797990118442	95.0%	0.864	-4.933222034074862
10	8600001	8800000	10	8600001	11500000	2900000	200000	69.50360649471095	95.0%	0.8054024024024025	-2.1973464890347763
10	11750001	11950000	10	11750001	15400000	3650000	200000	54.20230701789769	95.0%	0.6736736736736737	-1.0612583624495433
10	16850001	17200000	10	16850001	20300000	3450000	350000	75.96834782128751	95.0%	0.7767767767767768	-1.8484249338450602
10	18500001	18700000	10	18500001	24900000	6400000	200000	34.86671709017249	95.0%	0.6986986986986987	-4.198818906718206
10	12250001	12400000	10	5650001	12400000	6750000	150000	23.617649771633737	95.0%	0.7827827827827828	-2.4783403347868553
10	14150001	14400000	10	12200001	14400000	2200000	250000	96.50126977004483	95.0%	0.6526526526526526	-2.8786275434779545
10	5400001	5650000	10	5400001	13800000	8400000	250000	26.752084641472948	95.0%	0.7073543543543543	-1.58398225790794
10	9250001	9450000	10	9250001	20550000	11300000	200000	17.95751456682564	95.0%	0.6703333333333333	-2.7852502234332817
10	13350001	13650000	10	6100001	13650000	7550000	300000	28.69116070776634	95.0%	0.77	-1.4282040363521884
10	21400001	21600000	10	16300001	21600000	5300000	200000	35.63143739762343	95.0%	0.7969014014014014	-3.569596232186065
10	23100001	23300000	10	19250001	23300000	4050000	200000	59.06224584994675	95.0%	0.897	-7.41715427563959
10	17550001	17900000	10	17550001	26700000	9150000	350000	22.91226511342343	95.0%	0.606	
10	24600001	24800000	10	20000001	24800000	4800000	200000	42.111500332641064	95.0%	0.7623773773773774	-3.14708117426958
10	20100001	20350000	10	20100001	23550000	3450000	250000	54.55354434452856	95.0%	0.6016016016016016	-2.0148897687493985
10	23650001	23900000	10	19150001	23900000	4750000	250000	37.19170977985464	95.0%	0.72	-3.8634215385298476
10	16300001	16500000	10	16300001	26650000	10350000	200000	21.919706363014143	95.0%	0.792	-7.789137510113613
10	21100001	21450000	10	21100001	26900000	5800000	350000	38.06196143707048	95.0%	0.8643643643643644	-4.088528801194134
10	26150001	26450000	10	19100001	26450000	7350000	300000	29.02291463556506	95.0%	0.71	-3.466653777543826
10	21750001	22000000	10	20300001	22000000	1700000	250000	105.79921632127453	95.0%	0.91	-1.8241808329982323
10	27300001	27500000	10	17100001	27500000	10400000	200000	20.391604880247804	95.0%	0.7448668668668669	-2.848096000747602
10	22250001	22450000	10	22250001	26700000	4450000	200000	50.067268567223046	95.0%	0.5515515515515516	-1.4360708821122523
10	18750001	18950000	10	18750001	28350000	9600000	200000	23.390855051999043	95.0%	0.8573573573573574	-7.476496772367709
10	23050001	23350000	10	23050001	27050000	4000000	300000	37.99212871379856	95.0%	0.8613613613613613	-1.3894104126102567
10	36700001	36900000	10	36700001	38750000	2050000	200000	75.65286214670654	95.0%	0.777	-1.2529477893207541
10	29750001	29950000	10	26900001	29950000	3050000	200000	57.22134315635081	95.0%	0.924	-1.3864505634304782
10	29450001	29650000	10	29450001	35800000	6350000	200000	24.537810553991783	95.0%	0.765	-1.416943451274516
10	25300001	25500000	10	25300001	37950000	12650000	200000	15.031978382870733	95.0%	0.6716716716716716	-2.0137069775454584
10	30550001	30900000	10	30550001	35200000	4650000	350000	52.55196289031416	95.0%	0.8518518518518519	-3.1152000241003344
10	33350001	33600000	10	29750001	33600000	3850000	250000	51.849712731632295	95.0%	0.746	-1.1944035910654283
10	38750001	39000000	10	25400001	39000000	13600000	250000	19.971103498752644	95.0%	0.5877922922922922	-4.2501647431652225
10	32100001	32300000	10	32100001	35200000	3100000	200000	68.44411896471179	95.0%	0.7363753753753753	-0.8294842477805511
10	36950001	37100000	10	36950001	39050000	2100000	150000	59.48384572074491	95.0%	0.8598598598598599	-1.4908724654929477
10	38400001	38700000	10	35450001	38700000	3250000	300000	70.75240567741884	95.0%	0.665	-4.654082799544373
10	39100001	42450000	10	35900001	42450000	6550000	3350000	68.64360399028999	95.0%	0.871	-10.056566704872925
10	50650001	50850000	10	50650001	53800000	3150000	200000	69.08146363764999	95.0%	0.6636636636636637	-2.1973332292715066
10	51100001	51600000	10	43200001	51600000	8400000	500000	43.519316877899904	95.0%	0.535035035035035	
10	43900001	44100000	10	37100001	44100000	7000000	200000	48.54017469190985	95.0%	0.5480480480480481	-0.5229181442178381
10	42750001	42950000	10	37000001	42950000	5950000	200000	69.0596045726741	95.0%	0.556	-0.0
10	48350001	48650000	10	43600001	48650000	5050000	300000	59.82693660933327	95.0%	0.6416416416416416	-7.657122106020352
10	52800001	53050000	10	52800001	56950000	4150000	250000	57.87826422306419	95.0%	0.7747747747747747	-4.837928497605848
10	59700001	59900000	10	54600001	59900000	5300000	200000	39.02126102753745	95.0%	0.755883883883884	-3.6897559358112617
10	58000001	58250000	10	54700001	58250000	3550000	250000	46.24651760612819	95.0%	0.5385385385385385	-1.0398226382544156
10	51450001	51750000	10	51450001	54450000	3000000	300000	50.14255862251269	95.0%	0.8653653653653655	
10	57500001	57700000	10	52550001	57700000	5150000	200000	31.208325995307646	95.0%	0.85	-3.7658737384758068
10	54350001	54500000	10	54350001	61750000	7400000	150000	23.874394454750146	95.0%	0.7962962962962963	-3.2614722102586544
10	61050001	61250000	10	57500001	61250000	3750000	200000	50.407958461988315	95.0%	0.5445445445445446	-1.2904083864871823
10	62550001	62800000	10	60200001	62800000	2600000	250000	58.722013964354105	95.0%	0.9365	-1.5189478667518514
10	55650001	55950000	10	55650001	59800000	4150000	300000	49.50173116966693	95.0%	0.698	-4.142929943497773
10	61450001	61800000	10	61450001	64200000	2750000	350000	62.50471604248281	95.0%	0.8688688688688688	-1.6427802324817908
10	70250001	70600000	10	70250001	71950000	1700000	350000	121.29721404334039	95.0%	0.7028583583583583	-1.0938546861226601
10	61850001	62200000	10	61850001	69200000	7350000	350000	30.575923159884695	95.0%	0.7697697697697697	-3.1554976640024486
10	64600001	64850000	10	64600001	70500000	5900000	250000	29.78964856143031	95.0%	0.5965965965965967	-1.5410551473042007
10	65700001	65900000	10	58500001	65900000	7400000	200000	21.123759224824354	95.0%	0.8434234234234235	-4.720333383837807
10	69650001	70000000	10	61650001	70000000	8350000	350000	25.231543478530785	95.0%	0.8068068068068068	-3.143493651453777
10	56600001	56950000	10	56600001	61050000	4450000	350000	38.40076158409435	95.0%	0.648	-1.3918649698965433
10	62250001	62450000	10	62250001	69250000	7000000	200000	27.883576480526177	95.0%	0.7623823823823823	-2.6875970893257053
10	73600001	73800000	10	71300001	73800000	2500000	200000	87.67498315998373	95.0%	0.925	-2.3831339955416166
10	75550001	75900000	10	73550001	75900000	2350000	350000	104.00127232964361	95.0%	0.897	-0.9261710417232742
10	71250001	71600000	10	71250001	75150000	3900000	350000	65.3751896922706	95.0%	0.690348848848849	-1.0416481962860131
10	69450001	69650000	10	65050001	69650000	4600000	200000	38.59386557152071	95.0%	0.7408683683683683	-3.776419238480518
10	82150001	82350000	10	77350001	82350000	5000000	200000	35.28965988381514	95.0%	0.7768923923923924	-1.579022595525219
10	82400001	82750000	10	77050001	82750000	5700000	350000	30.458167228643696	95.0%	0.7863953953953955	-1.5846405550968456
10	73850001	74050000	10	70800001	74050000	3250000	200000	72.92005737701652	95.0%	0.82	-2.0825963994000407
10	85950001	86250000	10	82500001	86250000	3750000	300000	42.87430445116063	95.0%	0.912	-2.488499617602588
10	76950001	77150000	10	76950001	82250000	5300000	200000	36.74117916405901	95.0%	0.7637637637637638	-3.8485670660587914
10	81350001	81600000	10	81350001	90900000	9550000	250000	24.17510693974673	95.0%	0.7067067067067067	-3.371019653263965
10	81650001	81950000	10	81650001	90900000	9250000	300000	20.91125713097955	95.0%	0.636	-2.874694583834675
10	81400001	81600000	10	75350001	81600000	6250000	200000	30.90845372569393	95.0%	0.776	-2.190182799634716
10	80750001	81100000	10	77200001	81100000	3900000	350000	64.26166460180451	95.0%	0.7887887887887888	-1.5104863044781431
10	79550001	79750000	10	75250001	79750000	4500000	200000	44.52766326776805	95.0%	0.7948953953953954	-1.9742434515785658
10	86800001	87150000	10	82600001	87150000	4550000	350000	38.8705608779588	95.0%	0.721	-1.2330193857962142
10	81000001	81200000	10	81000001	85150000	4150000	200000	44.22910787457185	95.0%	0.7127127127127127	-0.666327999037528
10	88450001	88650000	10	88450001	94800000	6350000	200000	31.485168489051787	95.0%	0.647	-1.4063238637511375
10	78400001	78700000	10	78400001	87150000	8750000	300000	22.12509384844176	95.0%	0.7237237237237237	-2.128878183114059
10	93600001	93800000	10	90400001	93800000	3400000	200000	59.23453291599782	95.0%	0.8554999999999999	-1.6561077355910307
10	94150001	94350000	10	90400001	94350000	3950000	200000	54.5750222873105	95.0%	0.742	-1.38536780213151
10	95200001	95350000	10	91900001	95350000	3450000	150000	56.13939652712346	95.0%	0.6006006006006006	-1.0131369183798877
10	95250001	95400000	10	95250001	99400000	4150000	150000	41.13193425024301	95.0%	0.6556556556556556	-1.384993721099406
10	96000001	96350000	10	91700001	96350000	4650000	350000	41.63209965536373	95.0%	0.6026026026026026	-1.0194909811237576
10	99400001	99600000	10	94150001	99600000	5450000	200000	33.24160475160489	95.0%	0.68	-1.4393021571218998
10	100200001	100400000	10	96700001	100400000	3700000	200000	42.80682279252616	95.0%	0.7143603603603603	-1.1575579696660772
10	88150001	88400000	10	88150001	91500000	3350000	250000	47.439380881965	95.0%	0.692	-0.9285563123988133
10	96850001	97050000	10	86450001	97050000	10600000	200000	16.591570017603452	95.0%	0.7057057057057057	-2.3118228463867343
10	99050001	99400000	10	89000001	99400000	10400000	350000	22.78980187903556	95.0%	0.7443728728728729	-2.1155732259113917
10	101150001	101350000	10	86450001	101350000	14900000	200000	14.62590074946824	95.0%	0.7488758758758759	-3.1909158947279104
10	106250001	106450000	10	106250001	113700000	7450000	200000	29.2519995172302	95.0%	0.8558558558558559	-6.413438399294156
10	98200001	98550000	10	95050001	98550000	3500000	350000	56.459990637770964	95.0%	0.7503753753753754	-1.449042071412238
10	100950001	101150000	10	100950001	111450000	10500000	200000	14.039256602727038	95.0%	0.8049009009009009	-4.628039044690532
10	111500001	111700000	10	101150001	111700000	10550000	200000	18.878177576017805	95.0%	0.9109109109109109	-6.673125846532876
10	105900001	106100000	10	105900001	111450000	5550000	200000	26.742431304467992	95.0%	0.8358358358358359	-1.6484715289207017
10	114850001	115050000	10	111700001	115050000	3350000	200000	60.730596361503615	95.0%	0.825	-3.149190748284109
10	111850001	112050000	10	111850001	114050000	2200000	200000	74.80222837216998	95.0%	0.7832832832832832	-1.941366857360521
10	114950001	115250000	10	114950001	118350000	3400000	300000	53.85215650836111	95.0%	0.7108543543543544	-1.028427800459005
10	120200001	120350000	10	120200001	123550000	3350000	150000	49.88989143412661	95.0%	0.7057057057057057	-1.3037000314902587
10	115300001	115500000	10	115300001	118250000	2950000	200000	59.344633798804686	95.0%	0.8398398398398398	-1.9440451193766173
10	115550001	115800000	10	115550001	118150000	2600000	250000	78.92123879143824	95.0%	0.8694319319319319	-2.350451845905188
10	119000001	119200000	10	119000001	122950000	3950000	200000	49.815094625569046	95.0%	0.802	-2.426362655416295
10	116900001	117100000	10	108900001	117100000	8200000	200000	22.639360602931394	95.0%	0.6568288288288289	-2.5524553005732122
10	117450001	117700000	10	108650001	117700000	9050000	250000	21.34932730426711	95.0%	0.761	-3.4096164926746146
10	118200001	118400000	10	112850001	118400000	5550000	200000	33.86383295963829	95.0%	0.8048048048048048	-3.1093733100008936
10	120800001	121150000	10	105050001	121150000	16100000	350000	13.665326758071156	95.0%	0.775	-1.6414177048862348
10	114400001	114600000	10	114400001	118250000	3850000	200000	57.36833795139087	95.0%	0.762	-2.076584494041675
10	123250001	123400000	10	106250001	123400000	17150000	150000	14.715923520972899	95.0%	0.7217217217217218	-4.154869896139801
10	112050001	112300000	10	106250001	112300000	6050000	250000	30.76887183666391	95.0%	0.915	-2.0478870338643778
10	117200001	117400000	10	107750001	117400000	9650000	200000	21.1561072621924	95.0%	0.6916916916916916	-3.004580531527061
10	118800001	119000000	10	111600001	119000000	7400000	200000	28.882731466910485	95.0%	0.7218628628628628	-2.0643107120560202
10	119900001	120200000	10	116750001	120200000	3450000	300000	64.8915316850432	95.0%	0.718	-2.536429346566468
10	125000001	125200000	10	125000001	128500000	3500000	200000	56.28107043652032	95.0%	0.764	-1.9248118235389917
10	125250001	125500000	10	125250001	128300000	3050000	250000	69.11766289905107	95.0%	0.6726726726726727	-1.2803529944515954
10	119250001	119400000	10	119250001	123300000	4050000	150000	54.27924435243378	95.0%	0.796	-2.809296027313212
10	124550001	124900000	10	124550001	128400000	3850000	350000	56.07201645492189	95.0%	0.8448448448448449	-2.3429363416669746
10	134050001	134300000	10	126300001	134300000	8000000	250000	28.575001543643424	95.0%	0.7123558558558558	-2.402732064515743
10	124200001	124350000	10	124200001	129000000	4800000	150000	41.774992637461345	95.0%	0.8035000000000001	-2.855681230949991
10	127500001	127750000	10	123650001	127750000	4100000	250000	40.168128874848826	95.0%	0.872	-2.0388548809625626
10	128600001	129050000	10	117800001	129050000	11250000	450000	22.068034057425088	95.0%	0.8858858858858859	-3.9190603045911354
10	129650001	130000000	10	116950001	130000000	13050000	350000	19.66962937568826	95.0%	0.8238238238238238	-4.091139766660487
10	118200001	118400000	10	118200001	125900000	7700000	200000	22.680420045438748	95.0%	0.7302302302302303	-2.5579085098609142
10	133650001	134000000	10	120450001	134000000	13550000	350000	20.051257845251335	95.0%	0.688	-5.044665481682229
10	123350001	123700000	10	123350001	133450000	10100000	350000	20.849234825932598	95.0%	0.7657657657657657	-2.9020483273506277
10	123750001	123950000	10	123750001	126750000	3000000	200000	65.91879757397076	95.0%	0.6326326326326326	-1.49726556574143
10	125900001	126050000	10	125900001	128500000	2600000	150000	69.17700977680032	95.0%	0.6668298298298299	-0.940486929803268
10	130800001	131150000	10	130800001	133750000	2950000	350000	78.21890733651196	95.0%	0.9429429429429429	-5.107483109674288
10	134750001	134950000	10	132150001	134950000	2800000	200000	88.38080653913812	95.0%	0.7767767767767768	-2.399746284701762
10	126950001	127300000	10	126950001	134250000	7300000	350000	32.34663412073046	95.0%	0.6735	-2.225310423264342
10	128300001	128500000	10	128300001	133600000	5300000	200000	37.35774465828469	95.0%	0.6863403403403403	-1.9980428710555087
10	5300001	5450000	10	1400001	5450000	4050000	150000	57.83748533159855	96.0%	0.8308308308308309	-3.5045279036612644
10	6500001	6750000	10	6500001	9250000	2750000	250000	81.68249634178532	96.0%	0.6846846846846847	-1.8812439404767736
10	9100001	9400000	10	6400001	9400000	3000000	300000	81.80932924770526	96.0%	0.2116056056056056	0.9309953250405575
10	15450001	15700000	10	11550001	15700000	4150000	250000	43.78297437338794	96.0%	0.785	-2.156016357568509
10	23350001	23550000	10	19150001	23550000	4400000	200000	41.65489472213366	96.0%	0.9555	-8.93296861890674
10	6850001	7200000	10	6850001	10450000	3600000	350000	62.496387904723164	96.0%	0.7142142142142143	-2.255682416626367
10	11550001	11800000	10	8200001	11800000	3600000	250000	60.45097558967175	96.0%	0.9275	-3.048761389024308
10	7850001	8050000	10	7850001	12150000	4300000	200000	58.471290364362524	96.0%	0.5575	-5.1564998781247215
10	27550001	27800000	10	24800001	27800000	3000000	250000	57.39232481573798	96.0%	0.5997997997997998	-0.8353880207359196
10	16000001	16250000	10	16000001	26750000	10750000	250000	25.415386218776696	96.0%	0.704	-8.079940592167821
10	17300001	17500000	10	17300001	22150000	4850000	200000	41.98069893475441	96.0%	0.59	-1.0610887136130942
10	32350001	32600000	10	32350001	34900000	2550000	250000	84.32699333809515	96.0%	0.5855855855855856	-0.9146524606696367
10	22050001	22200000	10	16750001	22200000	5450000	150000	40.62481058705065	96.0%	0.607	-2.8346714579611954
10	26900001	27250000	10	19550001	27250000	7700000	350000	25.508286608482535	96.0%	0.843	-3.705692776376412
10	35400001	35550000	10	32950001	35550000	2600000	150000	65.64314678545632	96.0%	0.8325	-1.179276170331868
10	38100001	38350000	10	26200001	38350000	12150000	250000	17.797452739254645	96.0%	0.6286286286286287	-1.786327066307618
10	30300001	30500000	10	30300001	33100000	2800000	200000	82.09137026770033	96.0%	0.5870870870870871	-1.6316460147724412
10	43300001	43650000	10	43300001	45400000	2100000	350000	99.72834542156087	96.0%	0.7152152152152151	-1.2262632908976334
10	48650001	49450000	10	44650001	49450000	4800000	800000	74.28938750799551	96.0%	0.989994994994995	-7.149669317647253
10	47600001	48050000	10	47600001	53650000	6050000	450000	55.888105570862805	96.0%	0.543	
10	62200001	62450000	10	60200001	62450000	2250000	250000	82.6152581359776	96.0%	0.3023023023023023	-1.4587560571013884
10	65000001	65250000	10	63700001	65250000	1550000	250000	115.04883033143861	96.0%	0.7627627627627628	-1.4064203003731717
10	59850001	60050000	10	59850001	63950000	4100000	200000	39.58445165687577	96.0%	0.7347347347347347	-1.1573232589815108
10	60100001	60250000	10	60100001	65500000	5400000	150000	30.28136787306136	96.0%	0.7297297297297297	-1.5153598652736606
10	55950001	56100000	10	55950001	59400000	3450000	150000	51.87068640806542	96.0%	0.7587587587587588	-2.527106040142701
10	62850001	63100000	10	60400001	63100000	2700000	250000	68.95464470648601	96.0%	0.7073493493493493	-1.4027059990793918
10	64000001	64300000	10	60450001	64300000	3850000	300000	52.05850712706896	96.0%	0.76	-2.296266149727818
10	85200001	85450000	10	82100001	85450000	3350000	250000	58.434801874032004	96.0%	0.8068068068068068	-4.324714937092059
10	82000001	82300000	10	82000001	88000000	6000000	300000	32.84669042340345	96.0%	0.8368368368368369	-2.2698587981729146
10	88500001	88800000	10	80800001	88800000	8000000	300000	24.40717575638226	96.0%	0.69	-1.6114951190652844
10	90950001	91100000	10	89300001	91100000	1800000	150000	93.71163780066564	96.0%	0.8895	-1.9765160483705493
10	94800001	95150000	10	94800001	96300000	1500000	350000	132.94890289788665	96.0%	0.22212062062062063	-0.56319829125897
10	101600001	101950000	10	101600001	104700000	3100000	350000	74.16089331127954	96.0%	0.7047047047047047	-1.2346032771978546
10	95400001	95650000	10	91600001	95650000	4050000	250000	41.6902041941825	96.0%	0.696	-1.1290850723507253
10	91050001	91300000	10	91050001	93650000	2600000	250000	74.24355526464714	96.0%	0.7182182182182182	-1.513995381154716
10	91350001	91550000	10	91350001	95300000	3950000	200000	47.98378627220258	96.0%	0.727	-2.079945864550873
10	100500001	100850000	10	100500001	109800000	9300000	350000	21.71349654864232	96.0%	0.6365000000000001	-1.1775606098262057
10	96450001	96750000	10	96450001	111400000	14950000	300000	14.923499653895405	96.0%	0.644	-1.3479648908414454
10	111500001	111800000	10	111500001	114150000	2650000	300000	63.471119889829204	96.0%	0.894	-2.2355579081115544
10	102650001	102850000	10	99600001	102850000	3250000	200000	65.0956512277751	96.0%	0.746	-1.0472462729880663
10	105300001	105450000	10	102350001	105450000	3100000	150000	65.40919310216601	96.0%	0.797	-1.1600096725629427
10	96100001	96350000	10	96100001	111450000	15350000	250000	12.36508504312599	96.0%	0.691	-2.108118487465901
10	101400001	101600000	10	101400001	105850000	4450000	200000	48.100379486086354	96.0%	0.6996996996996997	-1.2058403161970541
10	116150001	116500000	10	116150001	118150000	2000000	350000	99.43929726477002	96.0%	0.7858973973973974	-1.5999523324253175
10	113450001	113750000	10	106450001	113750000	7300000	300000	34.3897497535838	96.0%	0.69	-6.272338875603155
10	112100001	112300000	10	112100001	114050000	1950000	200000	94.87196253885834	96.0%	0.9529529529529529	-2.1060333462184424
10	121650001	121900000	10	116750001	121900000	5150000	250000	33.957571618065415	96.0%	0.5975975975975976	-2.191422947500837
10	123750001	123950000	10	119700001	123950000	4250000	200000	45.69885567838268	96.0%	0.757	-2.243590457774336
10	131950001	132100000	10	129300001	132100000	2800000	150000	52.57138737546285	96.0%	0.9744999999999999	-4.568889497796
10	129350001	129600000	10	129350001	131800000	2450000	250000	72.41487436999618	96.0%	0.624	-1.156338794064486
10	120900001	121250000	10	120900001	122700000	1800000	350000	133.02949248513568	96.0%	0.8624309309309309	-1.6083040426194175
10	121650001	121800000	10	121650001	125700000	4050000	150000	50.041567756229206	96.0%	0.6946946946946947	-1.9111222743233565
10	118550001	118750000	10	118550001	121900000	3350000	200000	60.47986351176771	96.0%	0.7117117117117117	-1.7368195810623268
10	126600001	126800000	10	120800001	126800000	6000000	200000	34.363497320551126	96.0%	0.769	-2.402461244825675
10	131800001	131950000	10	131800001	135400000	3600000	150000	44.243935525742806	96.0%	0.9364364364364365	-5.337961434291208
10	129150001	129500000	10	125100001	129500000	4400000	350000	48.973905013097756	96.0%	0.7113498498498498	-3.019935941886495
10	129650001	129850000	10	129650001	132100000	2450000	200000	76.85914619185934	96.0%	0.879	-2.0985737199154753
10	5850001	6000000	10	3300001	6000000	2700000	150000	72.96594065910952	97.0%	0.7555000000000001	-1.4535430347908498
10	2800001	3000000	10	2800001	6300000	3500000	200000	46.46352028054489	97.0%	0.6611611611611612	-1.10614614735317
10	15450001	15700000	10	15450001	18650000	3200000	250000	74.80220544367258	97.0%	0.4134134134134134	-1.011371074412153
10	25400001	25600000	10	23600001	25600000	2000000	200000	79.90706964831448	97.0%	0.6868393393393393	-2.5241286543853154
10	18200001	18400000	10	18200001	20850000	2650000	200000	70.95272185345341	97.0%	0.5835835835835835	
10	23350001	23550000	10	23350001	26650000	3300000	200000	53.499275804375095	97.0%	0.9009009009009009	-3.046535185924019
10	25650001	25900000	10	23650001	25900000	2250000	250000	80.05667667493097	97.0%	0.8018018018018018	-3.191358074025896
10	26500001	26850000	10	19050001	26850000	7800000	350000	29.874047511336233	97.0%	0.774	-4.6436702542941575
10	34900001	35200000	10	32700001	35200000	2500000	300000	88.25149843284557	97.0%	0.995	-6.234091836252403
10	35250001	35400000	10	33000001	35400000	2400000	150000	82.01099756190817	97.0%	0.9484999999999999	-2.5751841804416506
10	43000001	43150000	10	37250001	43150000	5900000	150000	63.44409749784805	97.0%	0.5557777777777778	-0.0
10	46950001	47150000	10	43900001	47150000	3250000	200000	58.69864703789041	97.0%	0.6416416416416416	-2.5265332374550846
10	45550001	45850000	10	43300001	45850000	2550000	300000	75.28190111205389	97.0%	0.737	-1.4092398427694801
10	45900001	46100000	10	43600001	46100000	2500000	200000	77.55920640400953	97.0%	0.7928953953953954	-1.805393081998101
10	52450001	52600000	10	52450001	56200000	3750000	150000	52.6402224687529	97.0%	0.8498498498498499	-2.4456850813030124
10	61900001	62150000	10	60300001	62150000	1850000	250000	89.27726874867227	97.0%	0.787	-1.9622658662559969
10	66950001	67150000	10	66950001	69250000	2300000	200000	75.66073139178157	97.0%	0.8784379379379379	-4.02059866646311
10	85550001	85850000	10	82300001	85850000	3550000	300000	65.96512758421001	97.0%	0.3303303303303303	-1.2539938480275528
10	82350001	82650000	10	82350001	85150000	2800000	300000	67.91561067252987	97.0%	0.6306306306306306	-1.0492783940911805
10	88900001	89200000	10	88900001	91250000	2350000	300000	98.5687162381526	97.0%	0.496	-4.32663807102129
10	99400001	99600000	10	99400001	102000000	2600000	200000	69.69008316631664	97.0%	0.8548548548548549	-1.7735226195060887
10	112800001	113000000	10	110850001	113000000	2150000	200000	70.18866089011604	97.0%	0.879	-1.8808835520435556
10	121300001	121500000	10	121300001	124900000	3600000	200000	56.21715187080273	97.0%	0.6021021021021021	-0.9151419502428714
10	115900001	116100000	10	115900001	118200000	2300000	200000	81.32506436901623	97.0%	0.3971836836836837	-0.32690056433369025
10	124200001	124550000	10	120800001	124550000	3750000	350000	56.31608411740869	97.0%	0.767	-1.7603345340470444
10	126050001	126250000	10	126050001	128450000	2400000	200000	77.15920472076029	97.0%	0.7647647647647648	-1.2183596922078739
10	135250001	135500000	10	131950001	135500000	3550000	250000	69.80875860828135	97.0%	0.232	
10	6000001	6300000	10	6000001	7650000	1650000	300000	125.14739234082349	98.0%	0.8608608608608609	-1.141251815166392
10	10750001	11000000	10	9500001	11000000	1500000	250000	126.1623774306845	98.0%	0.969985985985986	-6.218030611944608
10	17250001	17450000	10	15900001	17450000	1550000	200000	124.50051593402529	98.0%	0.2722722722722723	-3.680677160494045
10	35450001	35750000	10	35450001	37050000	1600000	300000	125.09245917604687	98.0%	0.6393198198198198	-2.977973234058525
10	50850001	51050000	10	45450001	51050000	5600000	200000	54.30584332309649	98.0%	0.5610610610610611	-3.4232507946052757
10	42400001	42600000	10	42400001	43950000	1550000	200000	153.24994632686355	98.0%	0.963963963963964	-2.501052897594762
10	47500001	47750000	10	45450001	47750000	2300000	250000	160.0411461217204	98.0%	0.003003003003003003	
10	55000001	55200000	10	55000001	57400000	2400000	200000	79.5281146991512	98.0%	0.7697697697697699	-4.736173844689389
10	51750001	52100000	10	45400001	52100000	6700000	350000	47.46399744317723	98.0%	0.6181181181181181	-8.68842864621628
10	48350001	48650000	10	48350001	52850000	4500000	300000	67.22517547414846	98.0%	0.6555	-5.268064570676954
10	46900001	47150000	10	46900001	50850000	3950000	250000	88.40264978731474	98.0%	0.04604604604604605	
10	57400001	57550000	10	57400001	59600000	2200000	150000	74.02831634890401	98.0%	0.924924924924925	-3.275575590366843
10	61300001	61500000	10	57450001	61500000	4050000	200000	43.770477104838164	98.0%	0.848	-2.2703990385208606
10	84750001	85050000	10	82800001	85050000	2250000	300000	81.81344333981485	98.0%	0.93	-2.3685158614416366
10	92650001	92900000	10	91400001	92900000	1500000	250000	109.31886731438541	98.0%	0.9844999999999999	-3.362579520392563
10	88350001	88500000	10	85950001	88500000	2550000	150000	62.321070959516796	98.0%	0.913	-2.245362752346705
10	85900001	86250000	10	85900001	88200000	2300000	350000	78.47192266000413	98.0%	0.3993993993993994	-1.5029307360363688
10	88150001	88350000	10	86050001	88350000	2300000	200000	71.22871265041088	98.0%	0.989	-5.416982713849118
10	99050001	99350000	10	99050001	101950000	2900000	300000	71.2367025099146	98.0%	0.7202202202202201	-0.7724926263933334
10	108250001	108450000	10	108250001	110300000	2050000	200000	75.24807794560999	98.0%	0.8138138138138138	-1.8818461014611132
10	113800001	114150000	10	110100001	114150000	4050000	350000	48.593212057876194	98.0%	0.948	-4.241980942103094
10	112350001	112700000	10	112350001	114100000	1750000	350000	105.4795546244976	98.0%	0.343	0.21700398139058938
10	130050001	130300000	10	130050001	133500000	3450000	250000	65.89738535380386	98.0%	0.47047047047047047	-2.600434947261045
10	10450001	10650000	10	9350001	10650000	1300000	200000	140.959654721349	99.0%	0.8485	-3.176763526076136
10	11150001	11400000	10	9300001	11400000	2100000	250000	102.15266814324731	99.0%	0.9735	-5.325200821016424
10	7550001	7800000	10	7550001	8850000	1300000	250000	128.77647033897736	99.0%	0.572072072072072	-1.1538049509510897
10	33300001	33500000	10	33300001	34900000	1600000	200000	133.5422819153567	99.0%	0.062062062062062065	0.9041719875978516
10	17500001	17700000	10	16000001	17700000	1700000	200000	105.63951357568051	99.0%	0.9055	-2.319953975361876
10	32900001	33250000	10	32900001	34800000	1900000	350000	113.15304323151062	99.0%	0.5047767767767768	-2.4897878052303577
10	28750001	28900000	10	26900001	28900000	2000000	150000	88.04576790979105	99.0%	0.948472972972973	-2.6523787698235943
10	49400001	49750000	10	49400001	50600000	1200000	350000	166.89805586345096	99.0%	0.8949459459459459	-2.5660204318068214
10	57600001	57900000	10	57600001	59450000	1850000	300000	101.45735029057543	99.0%	0.7867867867867868	-3.5766185919205356
10	65450001	65700000	10	63450001	65700000	2250000	250000	85.31707941011716	99.0%	0.381	-1.4767084580069216
10	65600001	65750000	10	65600001	69350000	3750000	150000	44.20636645676972	99.0%	0.9629629629629629	-7.629890209277972
10	66350001	66550000	10	66350001	68750000	2400000	200000	85.0566034433134	99.0%	0.6218143143143143	-4.781970117122738
10	87550001	87850000	10	86550001	87850000	1300000	300000	152.23364506352223	99.0%	0.7549164164164164	-3.8325851146265397
10	87950001	88150000	10	86000001	88150000	2150000	200000	98.36827875028155	99.0%	0.872	-3.7396334824534296
